video_url,meeting_date,state,county,starting_time,actual_segment_start_time,actual_segment_end_time,transcript_for_actual_segment,tcu_id,tcu_transcript,tcu_start,tcu_end,speaker_role,speaker_gender,stance,vocal_tone,facial_expression,coder_notes
https://youtu.be/dDVg5BOxqoY,21-Oct-25,UT,Centerville,0:01:36,0:00:00,0:37:43,"All notebook LM is great for I actually created one of our city council meetings. We're talking about tattoos for three hour long meeting. I created a 25 minute podcast based on that. It's brilliant by the way. I mean it's these two people talking about the summary of the meeting and it was just fascinating that like can we do this with our staff can we create these podcast after our meetings and then it summarizes where these two people are in the podcast. It's so great. We can also meet and check the city council podcast. So it depends what you're trying to do. Each one has a different like summer deeper into research, summer more like researching the web, summer. Anyway, so it depends what you're doing. I kind of understood my question. I was just close. I was just closing the question because I think that it is probably incumbent upon us to not just say all AI should be allowed. I think we should decide which ones we want to allow for the use because it is grammarly is one of those that was about that I use that was going to help us work on our edits, our grammar and our emails. But when we're composing something longer is it the Google AI that is already embedded in Gemini that's already embedded? And I think it's embedded in the program or co-pile. It's already embedded in the program. Why are we needing to use chat GPT if we have those already available? And I do think, I may be around this, I'm kind of new to the whole thing. But my understanding is co-pilot has more privacy to it than say some of the others because you're paying for the subscription. We definitely, I mean this is all new, right? Like we're waiting through this at our office too and what is appropriate and when is it appropriate to use and when is it not? There are some moments where I'm finding it to be a really incredibly helpful tool to clean up a letter or help me to make sure it's good. I'm not using more active verbs but I agree, I'm not sure we should be just carte blanche saying everything is allowed, don't worry about it. I agree with what you're saying about the privacy, we scrub documents of that type of data but also I'd love to see that we make sure where we do have... We have lean staff and lots is expected if there are ways to help improve how you get your job done and get it done more quickly so you can move to the next thing. I'd love to see that be implemented in a way that it does preserve privacy. So just to respond to your comment, it is not the intent to allow any AI and again that was the oversight of saying, hey wait a minute, and I think as we, you know, those are things behind the scenes that staff will have to implement and say and maybe a committee which tools and how do we determine what tools... But as this has come up, we've just been made aware that more employees are, you know, a lot of employees are using different tools depending on their job. Which has created its own questions on what are those retention schedules for those types of things. So it's actually created a really good conversation among us internally to make sure we're keeping a schedule on things that need a schedule. So the idea of running it through and having them vetted at least so we know the list of... So I invite no means a chat to PT or AI expert, but I've been through a couple of seminars including one last week as an International Conduct Commission conference in Louisville, Kentucky, which by the way I came back saying, y'all, it's like the best term ever. But judges or judicial conduct commissions were on the contrary, we're meeting and one of the issues that they were talking about was, hey AI, and there are so many AI top firms, like even more than I had realized and there are new ones coming... Oh, all the time and they're closed platforms, they're open platforms, right? ChatGPT is an open platform. Our co-counsel on West La is a closed platform and so there are a lot of ways. So when I was looking at this policy, I recognize like we're going to... We have to have a policy that's going to be able to grow with this AI technology. As it continues to evolve and I thought that the balance that this policy struck was good in that it encourages people like you can't upload confidential information. So as long as I'm not uploading confidential information, resident, personally identifiable information, I think that the risk of using even an... Open AI source is fairly minimal where I would encourage us to be very careful is ChatGPT and other AI sources are trained to give us answers that we want, right? They are trained to please us in their answers and they come across and they look really... Like, yep, this is the answer and we know... And a lot of times they will create fake information. And so one of the things we're seeing is layers, you guys may have seen like some layers have submitted briefs to courts with made up case lock. And they have gotten sanctioned and according to this judicial conduct conference, even a judge recently cited a made up case in a judicial opinion. Like, it is happening and so I wish I could make this up but I'm not. Like, it is happening and so if we're going to have staff and allow them to use things to generate policies for example, right? Like, it can come up with in-site Utah code sections or Utah regulations that just simply do not exist. So I hope that you better check. So I hope and we have this in the policy, right? So this is where I have like a training issue but boy, if you're going to be using ChatGPT or an AI to generate some kind of a policy and it's citing anything language from a statute or a regulation man, double check to make sure that that stuff is actually right. Because it may just be hallucinated. I will give three examples of things that I've used at where we have the conversations community development about potentially annexations upon the bill side. Or boundary adjustments. There's conversations are boundary adjustments allowed with the county and I asked ChatGPT to help me research that and it says, oh. Of course, you just do this and I know it's not possible. It's an annexation out of boundary line adjustment with the county. I can do a boundary line adjustment with West Bountiful. So it's absolutely wrong. So over time I've developed, I'll just give you an example of things that I, has to give me a confidence level, your 85% confident or give me sources so I can look it up. But there are certain inputs because it knows who I am that I require from that and it will give me confidence levels, things like that. So hallucinations are a real thing. I did have a friend who wrote his talk on ChatGPT, his church talk, and it quoted wrong scriptures and he was called out on it and says, hey, where's that scripture? He's like, oh crap. It's not a thing. My at the time 17 year old son, I didn't even know about AI at the time. And I'm reading this talk and I'm like, this is like apostasy. You know, like, what's right? I'm like, this is not right information. I'm like, where did you get this? Finally it came out because there's no way that program youngs have this. And so yes, I think you have to be really careful about what you're doing and the promise matter, actually. Very much so. So the third thing, this was the most alarm because I have 10 to the few sessions on this to completely understand what we're going to do. This county manager was using it for disciplinary action and then put the data and ask. Could you help me draft a letter with this information? This is, yeah, blank, so and so, blank, blank. And all these blanks, he says, oh, this is so and so and so and so and so. And so, and so. A few months later, another employee was searching and looking up something, oh, there's actually disciplinary action going on between the county manager and this employee. And it popped out and so that's the scary thing about this whole thing. That's why it's so we've got to be so careful. So we are going to allow it. And yes, we need to have training. So that is we are very aware of these type of things. Can I put in a plug though having sat through this judicial conduct commission and they've one of the tools that they were saying is, I can't be helpful even for judges, right? They're even pitching for judges. Like this stuff can help you in your job. One of the things that they show. The other thing that I think is that the way I think it's going to help people navigate their court system in various parts of the county are using AI to help people navigate their court system and generate forms and find information. And I was so excited because I thought as AI gets better, I think we'll be able to, where's Bryce, looking at improving our city website. I think that we may be able to use AI to help us. So we're going to be able to assist our residents in more easily navigating, not just put in the little search thing and it pulls up a list. Like it will become even more interactive in our own city's website. We'll be more user friendly for our residents. So that makes me excited. So this is the first. Absolutely. So this is the first step. And then we're having great conversation with staff already seeing where the... Those where they're using it now so we can have those conversations and training. We don't know where it's at right now, but we need to create the policy first. I think it's really important to remember my son who's a computer engineer put it to me this way. Like each AI is designed to do different things. Like your attorney, West Law. He's going to be designed very specifically for that type of searching and research. He reminded me that like an AI like chat GPT is a large... I think he called it a large language processor. So you weren't going to ask chat GPT to solve like a structural engineering issue. They can't do it. It'll come back with really great sounding data, but it isn't going to be right. So I think we have to remember too that each of these specifically addresses certain things. Chat GPT, Copilot, they're very good at language type helps, but they're not necessarily good at solving another type of problem. I'm usually pretty picky about how to use. I didn't have any substantive comments on this one. I think that it's well drafted. I think it's a great first effort. And it's broad enough again to allow for evolution of the AI functions, but I expect you guys will work with staff to treat that. To count on our pulverous point, there is some conversations as we figure this out. I don't necessarily want to say because I don't know what AI she is using or police is using. So we've got to have the conversations to see what's working and trying. We're going to what's work's best for this. And we did put December 1st effective date. We can notify staff and do some communication. Does this police enforcement do you guys have AI specific tools? Maybe you just said that as an example. I was just curious. No, no special police AI. Okay, I got excited for a second. I was like, ooh, that's. That sounds interesting. There's other things are using it for me. No, there are those programs out there. Motorola acts on, they'll have those programs that actually integrate in with body cams. And will give you summaries of calls. Oh. And they'll actually write reports for you based on the body cam. We haven't gone down that road yet. So we do not currently use any AI in any of our reporting or any of our actions. But even the license plate reader, I mean it's in some way. I mean, I think we collect information. Right. But yeah, but it's not Jen. It's not. Yeah. That's not creating data. It's not. Well, it's capturing data and notifying you that the data is here. Right. So I guess if that's an AI then everything's AI, I think. I think we excluded the police department. So thank you Lisa for doing this. And now I'm going to sound like your father. Okay. First off, I wish we could stay away from it. But we can't. I know that because when I grew up. This was plagiarism using other people's works. And that's what we're doing. But it is here. It's AI. And I'm glad we're putting a policy together because we have to be really, really strict about it. Because it isn't such its infancy. And the example that Brant just described. I can see that happening. And that's going to be a go over our face. So we not only have to have a policy, but we have to follow it. If you, in enforcement officer for AI policy. But because I'm glad that you're addressing it because we're going to use it. But we need to have a policy for it. And we need to be really careful as well. Thanks, David. May I make a motion? Sure. Go ahead. There's no other discussion. There's no other discussion. Wait a minute. Sorry. I'm in the mood for moving along. I'll make a. I'll make a motion that we approve resolution number 2025-16. In acting section 10.030 of the Senate Bill of Personnel policies regarding the use of artificial intelligence in the workplace. Second. Motion second. Further discussion. I just think section D. Is is is definitely concerning to me approval of AI tools. There's not a specific. Break down of what that means. Opening it up to anything and everything that anybody wants to use. You do have a committee. I understand. But that is. I think we should have an amendment that would limit that for now to the software that we actually have. Do we have windows suite that we purchased by the city or do you use some other. For sure. Yeah. So you do have access to. You do when you have a Microsoft as well and I have a map. So again, I don't want to get I don't think a policy is meant to get so descriptive saying these are the five tools you can use. Because then we come before you for the change in this tool or in the change in this tool. That this committee is established to hopefully address those issues. But I would. I would be careful to put it actually in the policy because you'd be making changes potentially because it's evolving every couple of months. And do you know what your concerns are because we feel the same way. But I would. I don't know if it's necessarily if you want to approval policy spelled out and saying here's the approval policy for different AI tools for the committee to consider them. I think that's fair. But I think to be clear section D does not provide carte launch to employees specifically says that they must obtain approval from the IT. It's just approving all AI tools. That's where I see it. It's just all approval of AI tools which means you could use GROC, you could use chat GPT, you can use. Grammarly anything that you could use a chat bot on the car search that you're trying to buy a car from. It's just opening it to everything. Is that really by the IT manager. So the I it's giving all discretion to the IT manager. Like I said, as it evolves, we might have more of a committee but before any employee could use that and might require delay. Well, you know, because it's probably going to be a bit of a burden as we try to implement this. That's also why I did the December 1st deadline. But I'm also concerned about section H where viola. So I think that's a problem with that. I have with this as well. We just don't have a proactive solution to handle that. And I think that's something we should talk about and figure out before we implement it. So may I ask you this, Council Member? I appreciate what you're saying. And based on my comments, I mean we have to have some policy. How do you change? You're not suggesting we don't do AI, right? So I mean it's a start. Can we can we approve on it? I mean do you have suggestions to approve on it? I think that should. I think that if we utilize or approve the use of AI tools with. We can then the software systems that are already being used. And if we need to expand that outside of what are being currently used within the office. Then we can actually then the IT manager can open that up to something more broad. And right now it should be limited to the software systems that are already in place. And that would just be my thought. It would be easier to manage. It would be easier to for employees to show that yes, I've used this. Here's the documentation of it. Right here in my Word or file or my Excel folder, whatever it is, that's where it will be. But if it's all out there in this database or over here in this database, how are we going to really understand how to manage that? But if you're not using personal data, personally identifying information doesn't matter what database it's in. Because it's out there anyway. Right? So chat to your team might be pulling a cloud phone from Google or Bing or whatever the case might be. But if you're not using personal identifying information, what if an accident happens and personal identification gets in? That's where she's saying there's discipline, right? How do we know that? Proactively stopping this is saying we're not allowing AI. If you're saying one to be proactive, the only way I could say that is not allowing AI is the only way to do it. That's nature of violation. You don't know what happens until it happens. So Brian, can I just clarify? I'm trying to understand. You talk about existing software. So can you give me an example? Are we okay with colpilot because it's part of Microsoft? Yes. So you're saying colpilot is okay. I'm not going to state that, but I'm not an expert on this. I'll ask chat to you. I'm just kidding. I'm just kidding. I'm not going to do that. I mean, we know chat GPT is open. So are you for or again? Like is that what you're saying is maybe chat GPT isn't an approved software at the moment? Well, I know that I'm just trying to get a feel for something that is approved at the count. What about that? I guess my question is. Yeah, we have some limitations on stuff at my office too. Pre-AI and chat GPT and the others if an employee was writing a report, they may go out onto the internet and research all different sites. How is this any different with AI? So they happen to use some different side or different tool. And you know, Pre-AI. Yeah, to my point, you can use Davis County Public Libraries, but you can't use Washington County. I see your point. I'm not knocking it all, Kelsman Plum. I'm just trying to determine how you specify them all. Because there is so much out there right now. There is so much in it. But that I think is what is worrisome is that there is so much out there. And so if we limit how much we are going to allow for use, then it may be a little bit more easy to manage. Whereas if we just, you may not put anything personal into chat BGPT. But over the course of time chat GBT could learn enough to understand personal things. Is there, did you say that at the county, do you have a policy against? We don't have access to chat GBT at this time. But we do have access to Gemini, which is the Google. The Google. And we do have access to Copilot. Is there a possibility that Lisa can maybe provide for us some research on what she feels like might be more closed-end, I guess? I just think it's so evolving that we're going to tie our hands. I mean we need to be productive. And like I said, I... When employees are using this to summarize meetings and prepare to do lists, and I'm excited about getting one that's going to help me with calendaring. But there's just so many things that know to say that we're limited to what we're using right now, is going to tie our hands and hamper our fingers. Is she can approve? I'm excited to use something for calendaring. Is she going to approve that before you put on your computer? Yes, that's what the policy says. Well, I understand that, but I still... I have to go say this. And I agree, it's going to put a burden on her in the next month or two or you know, always. But that's the gate. What we're putting here is we don't know all of them every week, and employees are probably going to want something new or hopefully once a month, but they all need to be looked at and reviewed, and whether it's one person or a committee. So every single one is going to get reviewed, even though like Brant said, hey, let me get on chat GPT, I'm not saying Brant's using that, but there's an example. Is she going to go through and approve what's currently being used? Yes, we have to... it has to be approved. Okay, so we're going to go back... We're going to go back. Grandfather, because you're using... no, everything I use or want to use... It starts December 1, you have to have a queue up and have to be approved. So by December 1, she's going to have a... Whatever she's approved can be used on December 1st. Anything else that can be used on December 1st. Anybody else can use it as well. Like it's already been vetted. So if it's on the list, you know, and you want to do it right now, then do that one. It's going to take me a couple weeks, you know, I'm sorry, but that's the way it's drafted now is, yes, it would have to be approved. And we're going to have to think about it because... Yeah, every day there's... So, like every day... It's what I'm worried about. After we see what she's approved. Again, are you wanting all those software things to be in the policy? Is that weird? I would like to see the list, yeah. I don't think... For me, for my part, I don't think you... That's the point of a policy is not to be specific. The point of the policy is to provide parameters and guidelines. And I think the policy does that. And I'm not... I agree that the policy should not be that specific. It needs to have the guidelines and parameters. But I do... I do agree with Brian that... I mean, this is fast-moving stuff. We're putting a lot of pressure on one person to make sure that they get it right. But I would just say, maybe just quickly, I would just say that... Having a list come to council... I'm definitely not more qualified. No, I agree. He represented that this potential list. I'm not saying otherwise. No, I totally agree with you, Spence. That's why I like what's written here. I don't want to be the one that makes the approval on that list either. Is there... Do we need a special list? But don't we have a special list? I mean, we've hired the company that helps our IT company. Who is the person that you find new going to the M&A Health? If not our IT manager. Right. Just like to see what the IT manager, what their list is. I have worked with personally a lot of different pay-offs. I would just like to see what they have. Maybe she comes back and has two AIs on the list. That would actually be comforting to me as opposed to a list that says, we're actually going to open it up to 20 or 30 AIs. That would be concerning to me. So I actually need to see the list first. We're going to have a panel. The idea of this, we don't have a list. I know that's what we're going to say to employees, please contact IT for any AI tool product that you're using so it can be vetted for use. For the city. And it's not going to be restricted too because Adobe has its own. Are we saying that we can't use Adobe's summary? I can't use Outlook's summary in my email. But that's what I'm saying is you're going to have this long list because different programs use something different. So it's going to be 10 to 12 to begin with. I want to see it. So you said tell us. Good, good, good further discussion. But we have a motion. Hey, I'm going to move on that motion. No, what I'm saying is you can make an amendment to that motion. If you have an amendment, you want to formulate. Or you go back to the one that has to be eliminated. The majority of the council, and I don't know if I get that support. Well, hang on. Can I just add something? Why are we not adding to this policy that we bring in our IT and Lisa and just kind of say what criteria are you going to use to determine whether or not you approve an AI system? Well, and does anybody have a problem with this receiving the list of which ones?I mean, all Brian wants is a list of what she's telling the employees they can use.  I don't understand why that would be a problem. I don't have a list. She doesn't have one now. But what Brian is saying is when she develops that list, he'd like to see it. But there is nothing in this. We want to have a policy that would prohibit us from saying we want to enact this policy in Halisa when you go through this process. We'd love to see a list of what you're approving and why. But to limit, in my view, to limit very specifically individual chat or individual AI tools in this type of a policy is not the purpose of the policy. And it doesn't reflect the reality that new AI software is coming out and evolving all the time. And I can't get any better than the IT manager to be the ones that are not. Of course, but I do think there needs to be some criteria developed rather she develops that and says, this is my checklist. This is what I am. I'm going to check into before I approve it. Something I guess, because I agree with you, I don't want to limit them, but I do want some assurances that are residents' private information or employees' private information does not get. Even I get that there's discipline, but by then it's too late. That's the policy, I know, but you're not looking at it. Subsection D, because it already builds into this policy. Not only does it have to get approval from the IT manager, but the IT manager is tasked with vetting its source and data privacy and security prior to use by employees. So we've already, the policy already identifies criteria that we are expecting the IT manager to use before approving. Any AI platform? I do agree with you that it's there in a broader form. I'd still like to hear from her like, okay, this is how I'm going to determine data privacy. This is why this security system works for me as far as keeping data. You know what I'm saying? I guess it's here, but I would feel more comfortable. But don't we trust her and her level of expertise given the parameters and given the direction that we have provided to her in this policy to make those decisions? Again, there is nothing to prohibit us from saying, hey, Lisa, as we're going through this process, we'd love you to come back to City Council and explain to us. What criteria, how you're vetting, what sources you're looking at to ensure that the source, data privacy and security are appropriate for our city. And Section C and E, to further that point, is Section C specifically says they may use these tools if used responsibly in ways that... or technicality confidential information, comply with recommended retention, etc., etc., etc., etc., E, that it's giving specific information as to end providing examples of the confidential information that must never be entered into AI tools. So the policy is well written. I'm not saying it's not well written. I'm totally comfortable with adopting the policy. I think for me, I would be more comfortable. I'm sort of channeling my inner George McEwen here and thinking, George would be worried about this. And I don't know what those answers are because I'm not George, but I'm saying that I don't have a problem with the policy. What I would like to know is just I would like to see her here and help me have some confidence that we're heading in the right direction because yes, this is... It's coming out faster than we're keeping up with it. That sounds like an excellent work session item. I'm not saying it's not. I'm totally fine with that. But I do think Brian brings up some good points that I think we'd feel more comfortable. I'm fine to adopt the policy. That's not what I'm saying. I'm saying, let's make sure that we're really... One thing I am concerned about, maybe I missed it, but how are we training employees so they understand this policy in an actual, not just read it, but actually in practice, use it. Lisa's already stated that December 1st and that's our time to educate if it's approved tonight, then we take this time to meet with employees, understand what's being used in the concerns that we have, or the drawbacks of those potential tools, so we can have a conversation and train them better. But we don't know exactly what's out there yet, but the policy does. I hear what you're saying. I don't totally mean that by training. I mean a little bit further. I'd like to see a little more than just that. You have new employees come in. What can they use? How are you going to train them so that we... Because we have gotten some training where I work, and it's pretty specific, and I'm not quite hearing that yet, so that's why I'm a little uncomfortable. So maybe we do need to make an amendment to suspend the enactment of the policy, not to suspend it and... Until we have received information from Lisa that shows a list of the approved and a strategy and maybe even the curriculum for the education moving forward on how we're going to train employees. How do you use this? Are you also going to ask them to provide a list of those that they're not acceptable and are reasons why they're not acceptable? Because then you're delving into the territory of trying to define, hey, I like this list, but I don't like this list, and now you're getting into, frankly, I think legal terrain. So we can discriminate against AI, is that what you're saying? No. No. So Spencer, let me give an example of some of the... The training that we received at my office, there are very specific AI's we cannot use. We cannot use chat GPT, period, because it's open. We cannot use any AI whatsoever for one of our state clients as ever. So those are the types of things that I'm going... I have some very specific... They just don't allow it, and I don't really know why and I'm not... We're not going to ask them legally why, because we don't... We don't care which don't want to tick them off by, you know, do we have AI tools at my office? Absolutely. And one of them is a closed system that we're allowed to use, but that's where I'm saying I... I just want to make sure that we... I would rather go a little bit more narrow in what we're doing right now. I don't need to see like the list of yeses and the list of noes. I would like to have a little... A little more comfort from hearing from Lisa on just exactly how she's going to research or determine. It doesn't matter which one, I just want to know that there's some basic things that... Rubric or something? Something that we... just so we know that like, okay, that feels good. I don't have a problem with the policy, I think it's great. And I do think we need to implement it. I don't know that we should be waiting on that. But what Shaylin said just maybe a future work session where we can kind of dive in a little more on making sure that we're comfortable that... That we are getting the training for... I want our employees to be able to use it. And we're going to make sure that we don't get down the road and we're like, oh shoot, we... We're going to think about that and now we've got... If you approve it tonight then this is December 1st, you've got to have a work session really quick to define a lot of things. So do you want to approve it? First, do you want to have that work session first? In the meantime, the employees continue to use AI. As you can say right now, Kent, they use everything and anything they want because we have no... I think we should approve it. Can we do a work session? How does that fit? Let's ask our staff how they can... And then that brings in... I mean we're assuming here that Lisa is all up to snuff with all the AI stuff, right? Because I have a son-in-law and I'm saying we're bringing him in but he's pretty expert in this kind of thing, you know. And there's...out there like that, I mean... Because you bring up what you said at your work, you're not allowed to use chat GPD or other one, but... Because of privacy issues, that's a big concern. That's what some companies are doing. And we should be educated on... I just want to make sure we've looked at... What AI tools are more apt to put out personal information out there? And I certainly trust Lisa to do all of this. I wouldn't be really opposed... To saying can we get our consultant in here? If they have an AI specialist that is helping... Maybe they know something about other cities, AI policies, and can we... Or the state's policy, you know. This is over my head, I'm not trying to... I'm just saying what's... I just for Grins and Gagel's wild-games bins here. I just put into chat GPD how should an IT manager vet the source, data privacy and security of AI platform? I'm trying to use by employees. And I will be darned chat GPD did not in very short time.",,,,,,,,,,
https://youtu.be/T5vcC44o1YE,14-Oct-25,WI,Platteville,0:54:17,NA,NA,NA,,,,,,,,,,
https://youtu.be/h2C5ClqG4p4,14-Oct-25,AZ,Phoenix,1:12:09,NA,NA,NA,,,,,,,,,,
https://youtu.be/pmHLSk7_LcY,2-Oct-25,MO,Brentwood,0:45:10,NA,NA,NA,,,,,,,,,,
https://youtu.be/85dAfRYa_ww,2-Oct-25,CA,San Diego,0:41:50,NA,NA,NA,,,,,,,,,,
https://youtu.be/dDVg5BOxqoY,21-Oct-25,UT,Centerville,0:14:14,NA,NA,NA,,,,,,,,,,
https://youtu.be/dDVg5BOxqoY,21-Oct-25,UT,Centerville,0:18:39,NA,NA,NA,,,,,,,,,,
https://youtu.be/dDVg5BOxqoY,21-Oct-25,UT,Centerville,0:18:44,NA,NA,NA,,,,,,,,,,
https://youtu.be/dDVg5BOxqoY,21-Oct-25,UT,Centerville,0:20:41,NA,NA,NA,,,,,,,,,,
https://youtu.be/pmHLSk7_LcY,2-Oct-25,MO,Brentwood,0:45:29,NA,NA,NA,,,,,,,,,,
https://youtu.be/pmHLSk7_LcY,2-Oct-25,MO,Brentwood,0:53:10,NA,NA,NA,,,,,,,,,,
https://youtu.be/pmHLSk7_LcY,2-Oct-25,MO,Brentwood,0:54:12,NA,NA,NA,,,,,,,,,,
https://youtu.be/pmHLSk7_LcY,2-Oct-25,MO,Brentwood,0:54:43,NA,NA,NA,,,,,,,,,,
https://youtu.be/pmHLSk7_LcY,2-Oct-25,MO,Brentwood,0:55:08,NA,NA,NA,,,,,,,,,,
https://youtu.be/-EXFS6FdB3g,23-Sep-25,CA,Brisbane,1:14:42,NA,NA,NA,,,,,,,,,,
https://youtu.be/-EXFS6FdB3g,23-Sep-25,CA,Brisbane,1:15:55,NA,NA,NA,,,,,,,,,,
https://youtu.be/-EXFS6FdB3g,23-Sep-25,CA,Brisbane,1:16:00,NA,NA,NA,,,,,,,,,,
https://youtu.be/-EXFS6FdB3g,23-Sep-25,CA,Brisbane,1:16:52,NA,NA,NA,,,,,,,,,,
https://youtu.be/-EXFS6FdB3g,23-Sep-25,CA,Brisbane,1:17:09,NA,NA,NA,,,,,,,,,,
https://youtu.be/-EXFS6FdB3g,23-Sep-25,CA,Brisbane,1:18:28,NA,NA,NA,,,,,,,,,,
https://youtu.be/-EXFS6FdB3g,23-Sep-25,CA,Brisbane,1:18:40,NA,NA,NA,,,,,,,,,,
https://youtu.be/-EXFS6FdB3g,23-Sep-25,CA,Brisbane,1:19:55,NA,NA,NA,,,,,,,,,,
https://youtu.be/-EXFS6FdB3g,23-Sep-25,CA,Brisbane,1:20:12,NA,NA,NA,,,,,,,,,,
https://youtu.be/-EXFS6FdB3g,23-Sep-25,CA,Brisbane,1:21:31,NA,NA,NA,,,,,,,,,,
https://youtu.be/-EXFS6FdB3g,23-Sep-25,CA,Brisbane,1:22:49,NA,NA,NA,,,,,,,,,,
https://youtu.be/-EXFS6FdB3g,23-Sep-25,CA,Brisbane,1:27:58,NA,NA,NA,,,,,,,,,,
https://youtu.be/-EXFS6FdB3g,23-Sep-25,CA,Brisbane,1:29:24,NA,NA,NA,,,,,,,,,,
https://youtu.be/-EXFS6FdB3g,23-Sep-25,CA,Brisbane,1:31:10,NA,NA,NA,,,,,,,,,,
https://youtu.be/-EXFS6FdB3g,23-Sep-25,CA,Brisbane,1:32:26,NA,NA,NA,,,,,,,,,,
https://youtu.be/-EXFS6FdB3g,23-Sep-25,CA,Brisbane,1:34:28,NA,NA,NA,,,,,,,,,,
https://youtu.be/-EXFS6FdB3g,23-Sep-25,CA,Brisbane,1:36:34,NA,NA,NA,,,,,,,,,,
https://youtu.be/-EXFS6FdB3g,23-Sep-25,CA,Brisbane,1:40:09,NA,NA,NA,,,,,,,,,,
https://youtu.be/-EXFS6FdB3g,23-Sep-25,CA,Brisbane,1:40:22,NA,NA,NA,,,,,,,,,,
https://youtu.be/-EXFS6FdB3g,23-Sep-25,CA,Brisbane,1:51:06,NA,NA,NA,,,,,,,,,,
https://youtu.be/-EXFS6FdB3g,23-Sep-25,CA,Brisbane,1:53:22,NA,NA,NA,,,,,,,,,,
https://youtu.be/-EXFS6FdB3g,23-Sep-25,CA,Brisbane,1:54:20,NA,NA,NA,,,,,,,,,,
https://youtu.be/-EXFS6FdB3g,23-Sep-25,CA,Brisbane,1:54:55,NA,NA,NA,,,,,,,,,,
https://youtu.be/9gFGMaEejsc,17-Sep-25,MN,Minneapolis,1:23:33,1:23:08,1:24:52,"and as you all know on September 11th the council passed the sick and safe time amendments to align with state law and to strengthen the protections for workers that's currently under mayor review but it was a good effort by the council and by associate director wash and making sure that we're in line with the state we also have our co-pilot program that saw us train bookkeepers and funding to make sure that people understand and identify non-compliance upstream before it grows into any bigger problems for their small business and their clients so we have 69 community-based bookkeepers recruited by our partners and trained and labor standards and compliance we have 47 small businesses that receive compliance assistance subsidized through their existing bookkeepers and then we had our co-enforcement with our also our partners to empower our vulnerable or vulnerable low wage workers to learn to spread the word and to enforce many appless labor standards through prevention intervention and by reducing barriers to accessing city and legal services so over a thousand hours of outreach and engagement including  proactive training and over 500 hours of navigation services to help workers address complaints with employers city staff or private legal assistance that's over 1,500 hours of communication with individuals bless you to ensure that they understand the responsibilities so I'll turn it back over to director mcconradira welcome back thank you okay so we also",,,,,,,,,,
https://youtu.be/DSSWMwWYAts,16-Sep-25,PA,Pittsburgh,1:16:48,NA,NA,NA,,,,,,,,,,
https://youtu.be/tW_gDkGImKE,10-Sep-25,PA,Pittsburgh,1:35:57,NA,NA,NA,,,,,,,,,,
https://youtu.be/JMZflJkTz7w,9-Sep-25,AL,Montgomery,3:39:35,NA,NA,NA,,,,,,,,,,
https://youtu.be/3lmTVwXFgTg,4-Sep-25,NC,Durham,0:45:42,NA,NA,NA,,,,,,,,,,
https://youtu.be/pHLY3ktFLGs,3-Sep-25,PA,Pittsburgh,2:33:44,2:33:36,2:34:19,"And bill number 2190, resolution and mending resolution 489 of 2024 which authorize the mayor and the director of the department of parks and recreation to enter into an agreement with information age technologies in for the co-pilot annual subscription fee for the healthy act of living senior center software by including the negotiated fee amounts for two in three year, two and three of the three year term and increasing the cost by $52,690 for a new cost not to exceed $73,690. Thank you. Councilmember Moesley, Chair of the Governor's Education Affairs. Thank you, Mr. President. Thank you.",,,,,,,,,,
https://youtu.be/EcCe8gS951s,16-Jul-25,CA,San Diego,0:11:42,NA,NA,NA,,,,,,,,,,
https://youtu.be/qqWtJpOsJgI,8-Jul-25,NC,Macon County,2:49:04,NA,NA,NA,,,,,,,,,,
https://youtu.be/SSuXLFKyBWI,9-Jun-25,MI,Madison Heights,0:44:35,NA,NA,NA,,,,,,,,,,
https://youtu.be/SSuXLFKyBWI,9-Jun-25,MI,Madison Heights,0:44:38,NA,NA,NA,,,,,,,,,,
https://youtu.be/rKOryXFsHoc,13-May-25,NH,Tamworth,0:16:43,NA,NA,NA,,,,,,,,,,
https://youtu.be/rKOryXFsHoc,13-May-25,NH,Tamworth,0:17:16,NA,NA,NA,,,,,,,,,,
https://youtu.be/5y7oDkAYXXM,6-May-25,GA,Forsyth County,0:15:23,0:13:37,0:15:50,"So first, I'm going to give you a quick review of kind of a timeline and what we've done. I'm going to tell you a little bit about our FCS AI and education team that we put together, share with you work in progress, and then also our next steps. So as Mike noted, really the first step in bringing AI to kind of our end users was taken back in late 2020. So we had a really two-in-gen GBT was released and really made AI more accessible for everyone. We quickly saw that had the opportunity to be very, have an impact on our schools and our classrooms, our teachers and our students, and bring about a level of disruption potentially. So we formed a working group of teachers, ed tech coaches and instructional coaches, and with our district office staff, we really wanted to hear from our school-based personnel to hear what they were seeing in the classrooms, from their teachers, from their students, and we also wanted to have a dialogue with them from our side to be able to share what we were hearing from our vendors and the different applications that were coming on board. So two things that we immediately did before we're back to school in 2023, we added some language to our family engagement guide that provided guidance on AI use and academic integrity surrounding that. And we also provided some initial guidance to our schools, our ETCs, and our teachers on what was some appropriate uses of AI, what tools were out there. And then also the importance of never sharing personally identifiable information or any type of student data out on those websites. And then throughout that school year we did, we created a website or a webpage that our teachers had access to within class link. They could go to you to look at approved tools that went through our application kind of approval process that were safe for our teachers to use. And then last fall, we started offering some AI professional learning for our schools, from our district ed tech coaches, and some of our schools really jumped into that on their own as well and offered their own trainings. We also, within our Microsoft tenant, Microsoft 365, KOPOW was added, and that was a very important step because it created kind of a... a secure, close environment where even if something were to be input, it would be contained within our Microsoft tenant, so it would not go out into any type of large language model. And then this past January, we took that worker group and really expanded it into our AFFCS AI and education team.",,,,,,,,,,
https://youtu.be/DH3ErPhEysE,6-May-25,TN,Nashville-Davidson metropolitan government (balance),0:40:17,NA,NA,NA,,,,,,,,,,
https://youtu.be/7lJ4ewxvqVI,5-May-25,SD,Beresford,0:40:17,0:39:28,0:42:23,"So yeah,, I didn't I didn't specifically put, you know,,Â co-pilotÂ or chat gp rock or anything like that.. Well,, I was just curious.. I know, like at where I work, you're not allowed to put any Uh client information in specific and does that need like uses use of uh, Citizens data, personal data, something like that, like a a Pii line.",,,,,,,,,,
https://youtu.be/1RxSTsYzi8c,18-Mar-25,MI,Kent County,0:15:58,NA,NA,NA,,,,,,,,,,
https://youtu.be/1RxSTsYzi8c,18-Mar-25,MI,Kent County,0:23:58,NA,NA,NA,,,,,,,,,,
https://youtu.be/kEVCZveElas,11-Mar-25,OK,Alva,0:33:44,0:32:46,0:39:07,"Okay, bottom nine. Which can end up with only committee executive director report. I think I like it, the report each month. The best thing... I can just say on any of this stuff, is if you want further information, more detail information, just let me know. Anything that, recently, I have, I did go to the AIS Summit last Friday, and... I found some interesting items on that. There's a lot of things being developed, and I think you're going to find chat GPT is, you know, the top. I forgot what the actual company... There's so many that they build AIS. Do I open AIS? Yeah, I think that's right. Open AIS, so... But then there's co-pilot, there's Gemini, there's Jamont, so each one of these, in fact, were kept up with the presentation. Recently, and it was with Gamma, and it was AI PowerPoint. PowerPoint. I had the data set, and then it just took it from there. It's Sage, saved me at both letter time and... I created about four slides for you that were online. I had my own... Because it wasn't grabbing that format that we wanted. But, you know, for the overall, I would say it saved four hours, five hours of... It was a big time to say... I mean, I knew what needed to be in there. I knew for it again, but... If I had to build that by myself, it would have taken me every bit of two full days. I use AI as an assistant for a lot of things. If I want to start a business plan to be creative, there's one person, a new business, came to me and I said, well, I'll be out here, and I told them what we need to do. We started plugging in stuff. I said, this is going to be great, because it's going to save you a lot of time. But you can never trust AI. You cannot sit there and say... AI created me a business plan, and then say, okay, here's my business plan bank. I'm going to turn it into... You have to know what it wanted to do. And also, I can tell when something's AI created. There's been an email, email a lot of people creating emails. With AI now. And if you see best regards at the bottom of the email, the likelihood is it was created by AI. Somebody said, I mean... I'm using that forever, and it's not AI. Well, it's okay. It's okay. But best regards is what? AI generates, and certain things like bullet points, dashes, and that was part of what the AI summit talked about. There are a lot of people who go for grants. If you're creating it through AI, you have to filter through it because they even say that. Any AI generated grants. The application will be completely kicked out. Now, how do they determine that? Here's the funny thing. They have AI that can tell you if this wasn't AI, and they put it through AI to see if it is. But it is a lot of it's interesting, and you can actually... Take AI, create that great application, then put it through an AI humanizer, is what it's called, and it will make it more human, and so it's almost like... It feels so illegal, but it's like filtering and laundering money. It's fine, fine, fine. It really is at some point. But I like to use it especially as an assistant because it will get things started.  There's some things that it can do, and save me time, then I can go through, and we've got to... Haven't done it yet on this, but I think I'm going to start. When I give you the monthly reports, I'm just going to... Yeah, because what I do is I go to my calendar, and I see why I'm mad. I go to my emails to see maybe there's something else that's there. And it'll... Yes, we're going to do it. Yeah, look for my best regards. Yeah, but... I was very interesting, and the one comment I said before the meeting, but the one thing they said, is people are not going to lose their jobs to AI, but they will lose their jobs to people who know the AI and how to use it. And I think AI right now is kind of like when the spend's reed. Things were instantly illegal, and there's like 50 of them on every single community in town, but those weeded themselves out to where the best ones were still around. That's how AI is going to be. Somebody's going to be the top dog in PowerPoint presentation. Canvas already announced, I think it is April 10th.But they announced that there's going to be a big thing  in Los Angeles, what they are about to do. And it's more likely going to be a whole AI campa generated. Right now they have their dream lab, nd it'll create pictures for you. So you can sit there and say, I need a picture of a... dog riding a horse, and it will do that. And say, I need an anime, I don't need an anime, and it will do that, and if you want to put it in a presentation, you can do that. But I have the feeling it's going to be more where they will develop and create whatever it is that you want. But it's supposed to be something. Rather large announcement. And that's really all I have in regards to that.",,,,,,,,,,
https://youtu.be/P2gopKBDIag,28-Jan-25,IL,Batavia,2:47:14,NA,NA,NA,,,,,,,,,,
https://youtu.be/ADxWdh62FHg,9-Jan-25,NC,Cary,0:45:58,NA,NA,NA,,,,,,,,,,
https://youtu.be/AiDc7m6hMJo,6-Dec-24,MN,Minneapolis,1:20:19,1:20:15,1:22:53,"this is looking at our Um Technology Improvement Levy: Uh, so this is all new Spending: Uh, as proposed in the Mayor's Budget through the Technology Improvement Levy Uh, which included Conference Room Mo Modernization, MicrosoftÂ Co-pilotÂ and Uh Communications, and Uh Neighborhood and Community Relations Department Enterprise Engagement Proposal: Uh, I originally was trying to balance the needs of the Um Enterprise with uh, you know, the levy pressure. This looked like an opportunity to reduce levy pressure without Uh impacting direct services.",,,,,,,,,,
https://youtu.be/AiDc7m6hMJo,6-Dec-24,MN,Minneapolis,1:21:49,NA,NA,NA,,,,,,,,,,
https://youtu.be/yhvDyj-EQh0,4-Dec-24,OH,Columbus,0:07:24,0:06:33,0:08:14,"Thank you so much, President Hardin and Chair Bankston and members of Council here. We are going to do a fast-paced journey through our budget presentation. So let us see if our technology works. Perfect. As you all know since really 2018, we have embarked on a critical modernization journey. Replacing outdated legacy systems with advanced cloud-based platforms, such as Microsoft D365 for accounting and operations, day force for payroll, and our GenTax system for our tax revenue system. These systems not only enhance the efficiency of our operations, but also ensure that residents and taxpayers have access to secure, intuitive,  and user-friendly services. Our transparency portal, for example, and it is an external-facing portal, it contains all kinds of frequently asked questions. And it's soon going to be powered by Microsoft Co-Pilot, greatly enhancing some user experience and allowing our residents and our folks doing business. We are going to do business with us to get answers to questions much, much faster. Our office firmly believes in the importance of investing in the business of government. When you consider the scale and the complexity of the systems we manage, rivaling that of a Fortune 1000 organization, it becomes clear that this level of investment is essential. These advancements enable us to deliver exceptional service, maintain public trust, and ensure that our systems operate as effectively and dynamically as the most frankly sophisticated private enterprises.",,,,,,,,,,
https://youtu.be/esNG0Dm24ac,25-Oct-24,CA,San Jose,1:30:33,1:27:04,1:31:45,"And then the other question related to Gavi, either… ...that is, you know, I feel like every other day I read an article about the Godfather of AI, saying we got to be careful, we should hit the brakes and slow down. And all this, and I can't help but think as we talk about these topics, Terminator and, you know, the pre-crime unit from these movie that I saw right here. All these things come to mind, right? And so, does Gavi, I, given that it's a broad coalition, I saw the map, the United States, it seems like it's all over the place, maybe, at East Coast, West Coast, with some other sprinkled in between. But are you all, or are we all taking a position as it relates to the cautious nature that some of these folks are preaching, that we should take as it relates to the advancement of AI? I will give you my personal opinion, and I'll lead the team chime in if they want. If you look at the technologies introduced in the last 30 years, and this is actually one of my slides when I showed all the advancements in AI, and if you look at all the advancements and what these technologies brought to us, including the iPhone and social media and everything, and you multiply that by 10,000... We get close to the potential benefit of AI. At the same time, if you take all the concerns that we had because of social media, cybersecurity, privacy, and everything that we learned in the last 25 years, and you multiply that by the same factor, 10,000... We have the same concern about the risk. So it is benefit and risk, and my position is, I want to make sure that we are at the leading edge of understanding and driving that technology, but at the same time, we are as fearful as possible of that technology. To make sure that we are not implementing something that is going to come back and bite us. And one of the things that we discuss in the coalition, if one of us get a black eye because of AI, all of us will be tainted by the same color. After all, all of us are government employees, all of us are government agencies, so when something happens in New York related to chat, and I try to bring something to counsel to approve a chat, I am going to be tainted question by the mishaps of some other agencies. And that is really one of the beautiful things that we have with the coalition. That we are helping each other out to figure out what is going on, and how can we be in a better position to defend and identify potential risks as a government entity versus being fragmented into cities, counties, and states, because all of us are faced with the same challenge. And on that same line is Gove AI, because I think we have sort of lifted it up as we are doing all these wonderful things, which I am glad we are taking the lead, and bringing together all of these different government agencies. But is there a policy position or a statement of policies or whatnot that Gove AI, that the coalition has taken as a release to federal legislation looking at how AI is progressing and just the thoughtfulness of it and the policies? We caught the attention of the White House Office of Technology, the Governance Office, the Homeland Security, and they are really interested in the work that we are doing, especially that we are capable or able to attract great minds throughout the nation that are willing to volunteer their time and energy to work with us. So there is a lot of conversation happening where they are trying to understand from us what we are seeing as risks so they can implement certain policies at the federal and national levels, but they cannot move as fast as we can, just getting something passed. The federal level might take years and months, or what we are doing is really implementing things in days, weeks and months. So our template AI policy was established in four months, and when we got 150 agencies drafting that and agreeing that this is something that the olcan work would. If you try to do something at the federal level, instead of four months, it is going to be four years or even more. So that is why I think the balance between what the federal level is doing and what we are doing is very interesting to them that they see that a lot of what we are seeing can influence their policies and a lot of things that they are seeing can influence what we are trying to do in a quick way.",,,,,,,,,,
https://youtu.be/Ni0EByhwhAE,16-Oct-24,PA,Philadelphia,0:07:16,NA,NA,NA,,,,,,,,,,
https://youtu.be/H6So42EWd-0,24-Sep-24,IL,Batavia,0:41:52,NA,NA,NA,,,,,,,,,,
https://youtu.be/l0oJr5XUmWk,17-Sep-24,PA,Pittsburgh,0:47:03,NA,NA,NA,,,,,,,,,,
https://youtu.be/D-Tqo6O2m-E,13-Sep-24,MN,Minneapolis,1:23:29,NA,NA,NA,,,,,,,,,,
https://youtu.be/FF-6F9muZnc,23-Jul-24,PA,Pittsburgh,0:58:32,NA,NA,NA,,,,,,,,,,
https://youtu.be/gNPQjR4ANDo,23-Jul-24,TN,Nashville-Davidson metropolitan government (balance),0:13:03,NA,NA,NA,,,,,,,,,,
https://youtu.be/gNPQjR4ANDo,23-Jul-24,TN,Nashville-Davidson metropolitan government (balance),0:15:14,NA,NA,NA,,,,,,,,,,
https://youtu.be/gNPQjR4ANDo,23-Jul-24,TN,Nashville-Davidson metropolitan government (balance),0:15:24,NA,NA,NA,,,,,,,,,,
https://youtu.be/y2Jz-tmWGlU,18-Jul-24,WI,Oregon,0:12:37,NA,NA,NA,,,,,,,,,,
https://youtu.be/y2Jz-tmWGlU,18-Jul-24,WI,Oregon,0:32:30,NA,NA,NA,,,,,,,,,,
https://youtu.be/y2Jz-tmWGlU,18-Jul-24,WI,Oregon,0:32:33,NA,NA,NA,,,,,,,,,,
https://youtu.be/y2Jz-tmWGlU,18-Jul-24,WI,Oregon,0:38:51,NA,NA,NA,,,,,,,,,,
https://youtu.be/y2Jz-tmWGlU,18-Jul-24,WI,Oregon,0:38:54,NA,NA,NA,,,,,,,,,,
https://youtu.be/y2Jz-tmWGlU,18-Jul-24,WI,Oregon,0:45:19,NA,NA,NA,,,,,,,,,,
https://youtu.be/y2Jz-tmWGlU,18-Jul-24,WI,Oregon,0:47:20,NA,NA,NA,,,,,,,,,,
https://youtu.be/y2Jz-tmWGlU,18-Jul-24,WI,Oregon,1:01:32,NA,NA,NA,,,,,,,,,,
https://youtu.be/6EdqV8R1j0s,17-Jul-24,PA,Pittsburgh,0:50:41,NA,NA,NA,,,,,,,,,,
https://youtu.be/ncdX1msk6s8,9-Jul-24,PA,Pittsburgh,0:48:01,NA,NA,NA,,,,,,,,,,
https://youtu.be/WqGVtAjTeYM,15-Apr-24,DE,Wilmington,1:50:12,1:49:37,1:51:32,"Good evening, members of council. Thank you for allowing me the time tonight to present the Department of Information Technologies FY25 budget. Before I get started, I just want to thank my wonderful staff for all the exceptional work that they do. And numerous hours that they work around the clock to make sure that the city is operational and secure and available to our employees constituents. So as always, we start off with an overview of the IT department. I did want to say before I started that I, thanks to our friends at Microsoft, I was able to get a little bit of a preview of Microsoft co-pilot, which is Microsoft's version of Generative AI similar to chat GPT. And so this presentation was completed with, you know, enhanced and completed with AI technologies. So this may be one of the first budget proposals. Let me budget a question, Director May is AI going to be giving the presentation. Yeah, yeah, but I am really here. I did. I've seen different things that are, is it going to be AI voice or? No, no, it's just AI was utilized to generate the person. You know in a future, maybe budget hearings will be. Possibly possibly. I was second. But if I say they're wrong tonight, then it's AI's fault not mine. Okay. So the IT department is composed of six units, which are listed there. Next slide please. So this is our mission statement. These are our core values. And these are strategic priorities for FY25.",,,,,,,,,,
https://youtu.be/ICSkysb18Vg,26-Feb-24,IL,Marion,0:16:42,NA,NA,NA,,,,,,,,,,
https://youtu.be/AqP7E-giS_I,14-Feb-24,NY,Eden,0:38:21,NA,NA,NA,,,,,,,,,,
https://youtu.be/h2C5ClqG4p4,14-Oct-25,AZ,Phoenix,1:10:32,NA,NA,NA,,,,,,,,,,
https://youtu.be/h2C5ClqG4p4,14-Oct-25,AZ,Phoenix,1:14:56,NA,NA,NA,,,,,,,,,,
https://youtu.be/h2C5ClqG4p4,14-Oct-25,AZ,Phoenix,1:15:58,NA,NA,NA,,,,,,,,,,
https://youtu.be/9ekRmBYCqDo,6-Nov-24,CA,Palo Alto,1:18:19,1:16:29,1:18:46,"Who's responsible for the 311 system within the city? I don't know who... If there's an individual that is responsible for it, I think all departments share responsibility and their review of the complaints that they come in. Ms. Cotton gains do you have a more thorough response to that? Well, I'm going to say there's a lot of smiling and giggling happening. I'm not sure why. It feels like it's a hot potato. That there isn't a single coordinator from one department currently for the 311 system. It's set up so that people select the type of issue they're putting in a complaint or notification about and that automatically directs it to the person in the... Correct department. That doesn't always work and probably why there's some smiling is that people frequently get complaints that come in that should go to another department and are rerouting them to other people. As someone who's tried to use it, pull out... Pull over. I mean, my car something's up. Pull over to the side. I pull up 311. I try to go through it and figure out what do I press in order for my concern to get to the right place. If my concern isn't represented on the app, it sounds like there isn't a central person I can take that to. I don't believe there's a designated central person. I'm the city manager's office. Okay, thank you. I appreciate all of these responses. Yeah, I would just add there is coordination done where if a complaint comes in and it's not quite in the right place that there's work done between the departments to get it to the right place. So we do have someone actually the person that does... The virtual assistant and the lobby, she also is checking the 311 trying to reroute things if they are in the wrong place or transportation ends up getting a lot of the 311 requests, they will reassign them if they are not in the right department. So there's a lot of coordination that happens if for some reason someone just submits it and it ends up... in the wrong place, they'll try to reroute it.",,,,,,,,,,
https://youtu.be/D131Ogw0-p0,20-Aug-24,TX,Farmers Branch,0:56:03,NA,NA,NA,,,,,,,,,,
https://youtu.be/TICZkMiO9ug,25-Jun-24,TX,Fort Worth,0:14:35,0:14:00,0:15:10,"Also from district seven is style smart VA. They received the second prize and $6,000. The city of Fort Worth City Council district seven is proud to recognize style smart VA for placing second in a 2024 city of Fort Worth Business Plan competition. Style smart VA is an online marketplace for beauty professionals where they can hire industry trained visual art. The virtual artist, excuse me, tailored to the industry's specific demands. Through these virtual assistants, beauty professionals around the United States are able to minimize administrative task and increase client retainment and acquisition, allowing them to fully focus on their beauty services. With an average quarterly growth of 40 to 50 percent, then a quarter. Fired client lifetime value about $4,900. Style VA has seen tremendous results. As the need of the industry trained virtual assistants rises, style VA is looking towards expanding its services into other industries in a larger audience. Congratulations.",,,,,,,,,,
https://youtu.be/4ity8GHgPCw,25-Apr-24,AZ,Mesa,1:42:44,NA,NA,NA,,,,,,,,,,
https://youtu.be/dw7pwxYK2-M,5-Nov-24,IL,Aurora,0:23:34,0:23:25,0:25:32,"So actually, I've been with IDC for over eight years, working with municipalities, state government, cities, as well by managing the state of Illinois for all of our clients and future clients. And one of the things that we're talking about now is GNI, which I think is something on the cutting edge these days, and it's not going away. You heard about crypto. That was a shiny object. This is not a shiny object. This is going to help transform the city of Aurora, helping you wind down expenses, create new jobs within that. So just cut. And at a high level, that's what kind of we're here to talk about today. All right. Thank you, Mr.  Brimberry. I'll go on here. So let me just start off. And just by first just giving a little definition in terms of gender of AI and just simple terms. So it's a type of artificial intelligence that helps create content based on data. Think of it as kind of a digital artist or writer that basically is coming up with new ideas, images, text, and content. For example, here at the city of Aurora, one of the ways we can actually utilize a generative AI is with our chat box for citizen services. So just imagine if the city is using generative AI to help power chat box for intelligent call centers like 311. That's just one example to help us to interact with those citizens when there's not a live person there, maybe after hours or on weekend. Also, you know, these chat boxes can also, you know, just just to calm in questions like what are the office hours for the city clerk? How do I report a pothole or who is my alderman or alder woman in this particular ward? So you can imagine some of the power around how we can use generative AI. We can also use it for instance to potentially generate and fill out the requirements or forms of that nature to populate with certain data to help streamline the process and to create efficiencies. So just to kind of give you an idea in terms of generative AI in terms of what that actually means.",,,,,,,,,,
https://youtu.be/dw7pwxYK2-M,5-Nov-24,IL,Aurora,0:29:42,0:27:10,0:29:59,"But IDC was one of the major consulting companies that actually started working with smart cities. Probably about seven years ago. That doesn't seem too long. But yet the technology has been forming and forming and forming over the years. So we actually have a team in Italy this week talking about global smart city initiatives as well. So we can just get this real quick. So basically the project overview kind of has three phases. The first phase is going to be able to help establish the GNI policy. What that's going to do is going to be a four week process. It's going to be an iterative process for all of the stakeholders that you guys will actually mandate or not mandate, but help create internally. And basically we're going to. Align city technology for. Responsible framework. So really our teams in the collaborate with your team over the four weeks. That'll be very iterative. There's already processes in place. I have a statement of work that kind of goes in detail on what these are. Secondly, the phase two is going to develop the GNI strategy. This process will take eight weeks. Again, looking at talking more iteratively with all of the stakeholders involved, making sure that we're going to address the city's technology strategies. The third phase is basically going to be create the roadmap. And that's going to be four weeks. Or I'm sorry, six weeks. That'll be a six week process. This will actually. We wrap everything up in a document that will provide to the city and to Michael as well working with him on the outcomes on where we think the city of Aurora needs to kind of have their. Their policy strategy and road battle developed. So. And with that, you know, front to kind of finalize, you know, why you should be doing that really. GNI I will help the city of Aurora by automating processes within all your departments. The GNI technology is creating new content, the streamlining operations in reducing expenses. Thirdly, who was involved? Well, that's you guys. It's the. The city of Aurora is the citizens. It's it's going to be it's going to be HR. It's going to be legal. So it and we can help create autonomy around all those as well based on the roadmap that we've created as well for the city. And finally, by partnering with IDC, we feel that we're one of the best partners out there to collaborate. So we've been doing this for many years and going to help you create this so you can be ready for today and down the future because this is going to be a working document. It's not going to go away. It's going to be here to live and live and live because GNI is not going away. You know, I can throw statistics that you all day long, but I'm not here to do that today. So we just want to kind of talk high level on how we can actually help. Create this. Jenny, I wrote math. Thank you.",,,,,,,,,,
https://youtu.be/FmBV99s-ong,27-Oct-25,MN,Minneapolis,0:06:07,NA,NA,NA,,,,,,,,,,
https://youtu.be/FmBV99s-ong,27-Oct-25,MN,Minneapolis,0:21:55,NA,NA,NA,,,,,,,,,,
https://youtu.be/GAn8lsV02CU,27-Oct-25,NM,Albuquerque,0:06:44,0:06:25,0:14:42,"This is on five zero vote. All right. Move on to item C, EC25485, the artificial intelligence policy and deliverables. Make a motion for approval. Seconded by Councillor Lewis. This is in a brief summary but I'll go through it pretty quickly. This executive communication includes recommendations for the City Council to adapt an artificial intelligence or AI policy along with accompanying deliverables that were called for with an adoption of R2481 in October of 2024. R2481 directed DTI to convey a diverse stockholder working group to study, discuss and recommend policies related to the responsibility, the responsible use of AI and City operations. Local communications and strategic strategy contractor. The R2540 group was then contracted by DTI to facilitate the process. The artificial intelligence working group met from February to August of 2025 held six large meetings divided up into three subcommittees to focus on key policy areas and involved 27 members. Members of various city departments and other community stakeholders groups that called for in 2481. One of the key takeaways from both the 2481 and the deliverables that accompanied in EC485 is recognizing there both opportunities and challenges presented by emerging AI technologies and it is critical for the City to establish a governance framework that balances innovation with accountability, transparency and community trust. All but one of these deliverables requested in 2481 were thoroughly produced by DTI and the 2540 group and should provide the Council with significant information to start working on an AI legislation. The one deliverable that was missing was a recommendation on the most appropriate legal status of AI legislation in the following analysis in section council provides the matrix and the cost for the benefits of the various legislative directions that can be pursued. Any questions? Comments. Councillor Sanchez. Thank you. Just had a couple questions with this AI policy. I'm sure there's going to be more staffing needed additional technology and recurring investments. Can you tell me how much that's going to be? Councillor Chairran, we do have our director of DTI here. Director Leach, thank you for joining us today. Councillor Chairran, we can give you a rough estimate. It was around about $4 to $5 million over three years. Say that again? $4 to $5 million over three years. Okay, what does that include? How many new staff are you going to have to put on? So it doesn't include staff as such. It really looks at some of the applications we're going to need, some of our cyber defenses and some infrastructure we're going to need to support that. So no staff? No. Okay, and what about technology infrastructure? That was the bulk of the other customer. All of that is all tech infrastructure then? Okay, and what about yearly recurring? There'll be a recurring tag on that. We're not sure exactly what that looks like right now because obviously this is over a three period. But there will be a recurring tag on that. Do you know more or less? I can't say right now because a lot of it depends on what the current pricing is as we pick up the services as we move forward. So sometimes we have to contract lower. Obviously this external factors right now that are convusted. Do you have an idea? I don't have an idea. No, no idea. Nothing. So you can't tell us at all. It really depends on the services. So you don't know what services you're providing. I know, Councillor, I do know what services we're providing. Also, what I would say is that you could say there'll be a between the 15th and 20% on vendors. That's the closest I can get. So how come we don't actually figure these things out and anticipate these kinds of questions? Councillor Chape, the reason for that is because the fees change quite dramatically. A great example has been some of the costs that we've been seeing with AI. AI has been increasing in costs. So it's a lot of things like tariff state effect. Also, what we're seeing is that- All the more reason to actually have a little more better idea, in my opinion. But keep going. Councillor, Councillor, understood. By the same token, those as the sales increase and more people will use AI. Then that also means that that cost will come down. Thank you. Director, I had only a couple of questions. I thought I did read in there that it said some positions, but you said there weren't any. I mean, four to five million, what you're saying. It did say in the breakdown that there was additional reoccurring general fund light item for responsible AI innovation. And it had a high listing of 150,000 of reoccurring. And that was basically for- As AI kind of develops, we need some money to kind of keep up with the development. Is that correct? That is correct. So that's not recurring fee. That's not maintenance fees. I understand. What the Councillor is talking about. This is a light item that we don't almost see as a light item that we can invest in at that point. Is that enough to keep us up to date as it moves pretty quickly? It's hard to say right now. I think it's a good step in the right direction. Okay. Do we have an idea based on the discussions in here? Do we have an idea what each department has planned for AI? I mean, obviously the working group discussed this stuff and grabbed department heads and said, hey, you know, what are we going to- What are you planning on using it for? And obviously the applications for parks and rec would be different for the police department. Is there a wish list of our ideas? Yes. I think we have a thought ideal list that was generated from these departments saying we're going to use it for this. So Councillor Chere, certainly we looked at where there is usage right now and that's basically the initial point in time portfolio that we put together. And also we are aware of- as we've moving forward, there's more and more departments- looking at how they're using AI. So we've got a fairly good example of what the wish list would be. Okay. Okay. And I just kind of going back to the last question about the- the manning level. And I'm trying to find it because I swear I read it that it would need four positions. So those four positions aren't going to be needed. Is this something that changed since we received the write-up? I think it needs to take- I might have spoken in there. I think that is actually included in- So there are four positions then? Yeah, I'm spoken. Okay. I just want to make sure my memory is not going turning 50 soon so it might- so there will be four positions so that kind of is a reoccurring cost. I mean essentially with the people. Okay. Council's any other questions? Okay. Thank you, Director.",,,,,,,,,,
https://youtu.be/GAn8lsV02CU,27-Oct-25,NM,Albuquerque,0:07:46,NA,NA,NA,,,,,,,,,,
https://youtu.be/GAn8lsV02CU,27-Oct-25,NM,Albuquerque,0:08:55,NA,NA,NA,,,,,,,,,,
https://youtu.be/GAn8lsV02CU,27-Oct-25,NM,Albuquerque,0:11:10,NA,NA,NA,,,,,,,,,,
https://youtu.be/GAn8lsV02CU,27-Oct-25,NM,Albuquerque,0:11:15,NA,NA,NA,,,,,,,,,,
https://youtu.be/GAn8lsV02CU,27-Oct-25,NM,Albuquerque,0:11:31,NA,NA,NA,,,,,,,,,,
https://youtu.be/GAn8lsV02CU,27-Oct-25,NM,Albuquerque,0:12:02,NA,NA,NA,,,,,,,,,,
https://youtu.be/GAn8lsV02CU,27-Oct-25,NM,Albuquerque,0:12:15,NA,NA,NA,,,,,,,,,,
https://youtu.be/GAn8lsV02CU,27-Oct-25,NM,Albuquerque,0:12:52,NA,NA,NA,,,,,,,,,,
https://youtu.be/GAn8lsV02CU,27-Oct-25,NM,Albuquerque,0:13:31,NA,NA,NA,,,,,,,,,,
https://youtu.be/9E3yWIG_yq0,23-Oct-25,MO,Ste. Genevieve,1:07:29,NA,NA,NA,,,,,,,,,,
https://youtu.be/EtDS8NUYDtc,23-Oct-25,NC,Cary,1:13:54,1:12:54,1:17:43,"All right moving to our discussion items our first discussion item is data government governance strategy policy and artificial intelligence policy review. Our CIO and the co-coflin will present the item and council may take action. It's co-flin. Good evening mayor. I'm here to share an update with you as to where we are with our proposed data governance strategy and artificial intelligence policies. I want to start by thanking Council for initiating this important conversation on artificial intelligence policy back in January. I want to thank you for your leadership set the foundation for everything that has followed since. Over the past year our team has been learning experimenting and engaging with experts including workshops hearing carry as well as at Harvard to ensure our approach reflects best practices and carries value. The feedback you shared during the September work session helps shape the data governance strategy and AI policies before you today. The ground ground it in strong data management and responsible AI innovation. This has truly been a one carry effort built through cross department. We have been able to work with the potential of our mental collaboration and shared learning to ensure we move forward together with both curiosity and care. And as we talk a little bit more about how our values impact the way that we look about our approach for both the data policy and also then therefore the implementation. I want to share how we look at them through the lens of our values. So people first data and AI is not about technology. It's about people. We are listening, building trust through transparency and ensuring staff and residents feel informed, supported and included in this transition. Evolution. We're taking an iterative approach starting small, learning fast, testing and refining as we go through small pilots and real world use cases. We continually adapt to community needs and emerging technology. Working smart by integrating. We're creating strong data governance with AI. We create the potential to reduce routine work, improve access to information and give staff more time to focus on higher value priorities. This approach can strengthen data driven decisions and help us work more efficiently and responsibly for our community. And anyone can lead data and AI belongs to everyone, not just IT. We're creating space for staff across all departments to collaborate, lead pilots and serve as data stewards. This collaborative approach allows us to reimagine how we deliver. Policy 188, data governance strategy. It's a framework that ensures that data receives equivalent governance and attention and protection. We understand that we need to be privacy and security. It's our main thing, by the way. Fairness and access. Transparency. Accountability and innovation. Policy 189, artificial intelligence. Define staff's understanding of AI and establishes an ethical framework. Framework addresses potential risk, including algorithmic bias. Policy concerns and transparent challenges. Policy 189, artificial intelligence guiding principles. It will be human centered design, always putting the human in the middle. Safety and security. Privacy. Transparency. Fairness. Accountability. Effectiveness and workforce empowerment. Next steps. If the proposed policies are adopted, the next steps will include. Clerk's office will update the website to reflect two new policies. Staff will update language and standard procedure. Residential 11645, artificial intelligence. Interdepartmental data governance. An AI committee will be formed and a work plan will be developed. Staff recommendations. Staff recommends a council considered adopting. Policy statement 188 data governance strategy. Thank you, Miss Cofflin.",,,,,,,,,,
https://youtu.be/EtDS8NUYDtc,23-Oct-25,NC,Cary,1:14:02,NA,NA,NA,,,,,,,,,,
https://youtu.be/EtDS8NUYDtc,23-Oct-25,NC,Cary,1:14:36,NA,NA,NA,,,,,,,,,,
https://youtu.be/EtDS8NUYDtc,23-Oct-25,NC,Cary,1:15:12,NA,NA,NA,,,,,,,,,,
https://youtu.be/EtDS8NUYDtc,23-Oct-25,NC,Cary,1:15:26,NA,NA,NA,,,,,,,,,,
https://youtu.be/EtDS8NUYDtc,23-Oct-25,NC,Cary,1:16:12,NA,NA,NA,,,,,,,,,,
https://youtu.be/EtDS8NUYDtc,23-Oct-25,NC,Cary,1:17:15,NA,NA,NA,,,,,,,,,,
https://youtu.be/EtDS8NUYDtc,23-Oct-25,NC,Cary,1:19:02,NA,NA,NA,,,,,,,,,,
https://youtu.be/EtDS8NUYDtc,23-Oct-25,NC,Cary,1:21:00,NA,NA,NA,,,,,,,,,,
https://youtu.be/EtDS8NUYDtc,23-Oct-25,NC,Cary,1:23:21,NA,NA,NA,,,,,,,,,,
https://youtu.be/ExRCOKjKm94,23-Oct-25,NC,Durham,1:00:32,NA,NA,NA,,,,,,,,,,
https://youtu.be/ExRCOKjKm94,23-Oct-25,NC,Durham,1:06:48,NA,NA,NA,,,,,,,,,,
https://youtu.be/ExRCOKjKm94,23-Oct-25,NC,Durham,1:12:26,NA,NA,NA,,,,,,,,,,
https://youtu.be/ExRCOKjKm94,23-Oct-25,NC,Durham,1:19:30,NA,NA,NA,,,,,,,,,,
https://youtu.be/ExRCOKjKm94,23-Oct-25,NC,Durham,1:24:45,NA,NA,NA,,,,,,,,,,
https://youtu.be/ExRCOKjKm94,23-Oct-25,NC,Durham,1:24:52,NA,NA,NA,,,,,,,,,,
https://youtu.be/R2-oda97hR4,23-Oct-25,MI,Kent County,0:26:45,NA,NA,NA,,,,,,,,,,
https://youtu.be/lia_RtH5vD4,23-Oct-25,CA,Burbank,1:09:44,NA,NA,NA,,,,,,,,,,
